{
  "streams": [
    {
      "end": 107559,
      "file": "/media/papobecka/smazat/base.mp4",
      "keys": [
        {
          "data": {
            "contrast": 1.0,
            "offset": 0,
            "subBox": [
              0.07999999821186066,
              0.9100000262260437,
              0.7200000286102295,
              0.9399999976158142
            ]
          },
          "frame": 0
        }
      ],
      "start": 0
    },
    {
      "end": 56356,
      "file": "/media/papobecka/smazat/02k.mp4",
      "keys": [
        {
          "data": {
            "contrast": 0.9900000095367432,
            "offset": -826.7216796875,
            "offsetScale": [
              0.006599999964237213,
              0.0,
              0.9954000115394592,
              0.991599977016449
            ]
          },
          "frame": 0
        },
        {
          "data": {
            "offset": -826.6657104492188
          },
          "frame": 700
        }
      ],
      "start": 304
    },
    {
      "end": 107559,
      "file": "/media/papobecka/smazat/03k.mp4",
      "keys": [
        {
          "data": {
            "contrast": 1.0,
            "offset": 1867.713623046875,
            "offsetScale": [
              -0.00039999998989515007,
              0.004600000102072954,
              1.0052000284194946,
              0.9855999946594238
            ]
          },
          "frame": 0
        }
      ],
      "start": 56356
    }
  ]
}
